period,
16.041596,
16.041114,
16.041034,
16.041109,
16.041616,
16.041707,
16.041738,
16.041641,